"GRUPA_ID","SEKCIJA_ID","PODSEKCIJA_ID","PASMINA_ID","FCI_BROJ","NAZIV","ENGLESKI_NAZIV","PODSEKCIJA","SEKCIJA","GRUPA","ZEMLJA_PODRIJETLA","ILUSTRACIJA"
"1","1","","1","293","AUSTRALIAN KELPIE","AUSTRALIAN KELPIE","","Sheepdogs","Sheepdogs and Cattledogs (except Swiss Cattledogs)","AUSTRALIA","http://www.fci.be/Nomenclature/Illustrations/293g01.jpg"
"1","1","","2","15","CHIEN DE BERGER BELGE","BELGIAN SHEPHERD DOG","","Sheepdogs","Sheepdogs and Cattledogs (except Swiss Cattledogs)","BELGIUM",""
"1","1","","3","83","SCHIPPERKE","SCHIPPERKE","","Sheepdogs","Sheepdogs and Cattledogs (except Swiss Cattledogs)","BELGIUM",""
"1","1","","4","277","HRVATSKI OVCAR","CROATIAN SHEPHERD DOG","","Sheepdogs","Sheepdogs and Cattledogs (except Swiss Cattledogs)","CROATIA","http://www.fci.be/Nomenclature/Illustrations/277g01.jpg"
"1","1","","5","44","BERGER DE BEAUCE","BERGER DE BEAUCE","","Sheepdogs","Sheepdogs and Cattledogs (except Swiss Cattledogs)","FRANCE",""
"1","1","","6","113","BERGER DE BRIE","BRIARD","","Sheepdogs","Sheepdogs and Cattledogs (except Swiss Cattledogs)","FRANCE","http://www.fci.be/Nomenclature/Illustrations/113g01.jpg"
"1","1","","7","141","CHIEN DE BERGER DES PYRENEES A POIL LONG","LONG-HAIRED PYRENEAN SHEEPDOG","","Sheepdogs","Sheepdogs and Cattledogs (except Swiss Cattledogs)","FRANCE","http://www.fci.be/Nomenclature/Illustrations/141g01.jpg"
"1","1","","8","176","BERGER PICARD","PICARDY SHEEPDOG","","Sheepdogs","Sheepdogs and Cattledogs (except Swiss Cattledogs)","FRANCE",""
"1","1","","9","138","CHIEN DE BERGER DES PYRENEES A FACE RASE","PYRENEAN SHEEPDOG - SMOOTH FACED","","Sheepdogs","Sheepdogs and Cattledogs (except Swiss Cattledogs)","FRANCE","http://www.fci.be/Nomenclature/Illustrations/138g01.jpg"
"1","1","","10","166","DEUTSCHER SCHÄFERHUND","GERMAN SHEPHERD DOG","","Sheepdogs","Sheepdogs and Cattledogs (except Swiss Cattledogs)","GERMANY","http://www.fci.be/Nomenclature/Illustrations/166g01-1.jpg"
"1","1","","11","271","BEARDED COLLIE","BEARDED COLLIE","","Sheepdogs","Sheepdogs and Cattledogs (except Swiss Cattledogs)","GREAT BRITAIN","http://www.fci.be/Nomenclature/Illustrations/271g01.jpg"
"1","1","","12","297","BORDER COLLIE","BORDER COLLIE","","Sheepdogs","Sheepdogs and Cattledogs (except Swiss Cattledogs)","GREAT BRITAIN","http://www.fci.be/Nomenclature/Illustrations/297g01.jpg"
"1","1","","13","156","COLLIE ROUGH","COLLIE ROUGH","","Sheepdogs","Sheepdogs and Cattledogs (except Swiss Cattledogs)","GREAT BRITAIN","http://www.fci.be/Nomenclature/Illustrations/156g01.jpg"
"1","1","","14","296","COLLIE SMOOTH","COLLIE SMOOTH","","Sheepdogs","Sheepdogs and Cattledogs (except Swiss Cattledogs)","GREAT BRITAIN","http://www.fci.be/Nomenclature/Illustrations/296g01.jpg"
"1","1","","15","16","OLD ENGLISH SHEEPDOG","OLD ENGLISH SHEEPDOG","","Sheepdogs","Sheepdogs and Cattledogs (except Swiss Cattledogs)","GREAT BRITAIN","http://www.fci.be/Nomenclature/Illustrations/016g01.jpg"
"1","1","","16","88","SHETLAND SHEEPDOG","SHETLAND SHEEPDOG","","Sheepdogs","Sheepdogs and Cattledogs (except Swiss Cattledogs)","GREAT BRITAIN","http://www.fci.be/Nomenclature/Illustrations/088g01.jpg"
"1","1","","17","38","WELSH CORGI (CARDIGAN)","WELSH CORGI (CARDIGAN)","","Sheepdogs","Sheepdogs and Cattledogs (except Swiss Cattledogs)","GREAT BRITAIN","http://www.fci.be/Nomenclature/Illustrations/038g01.jpg"
"1","1","","18","39","WELSH CORGI (PEMBROKE)","WELSH CORGI (PEMBROKE)","","Sheepdogs","Sheepdogs and Cattledogs (except Swiss Cattledogs)","GREAT BRITAIN","http://www.fci.be/Nomenclature/Illustrations/039g01.jpg"
"1","1","","19","53","KOMONDOR","KOMONDOR","","Sheepdogs","Sheepdogs and Cattledogs (except Swiss Cattledogs)","HUNGARY","http://www.fci.be/Nomenclature/Illustrations/053g01.jpg"
"1","1","","20","54","KUVASZ","KUVASZ","","Sheepdogs","Sheepdogs and Cattledogs (except Swiss Cattledogs)","HUNGARY","http://www.fci.be/Nomenclature/Illustrations/054g01.jpg"
"1","1","","21","238","MUDI","MUDI","","Sheepdogs","Sheepdogs and Cattledogs (except Swiss Cattledogs)","HUNGARY","http://www.fci.be/Nomenclature/Illustrations/238g01.jpg"
"1","1","","22","55","PULI","PULI","","Sheepdogs","Sheepdogs and Cattledogs (except Swiss Cattledogs)","HUNGARY","http://www.fci.be/Nomenclature/Illustrations/055g01.jpg"
"1","1","","23","56","PUMI","PUMI","","Sheepdogs","Sheepdogs and Cattledogs (except Swiss Cattledogs)","HUNGARY","http://www.fci.be/Nomenclature/Illustrations/056g01.jpg"
"1","1","","24","194","CANE DA PASTORE BERGAMASCO","BERGAMASCO SHEPHERD DOG","","Sheepdogs","Sheepdogs and Cattledogs (except Swiss Cattledogs)","ITALY","http://www.fci.be/Nomenclature/Illustrations/194g01-1.jpg"
"1","1","","25","201","CANE DA PASTORE MAREMMANO-ABRUZZESE","MAREMMA AND THE ABRUZZES SHEEPDOG","","Sheepdogs","Sheepdogs and Cattledogs (except Swiss Cattledogs)","ITALY",""
"1","1","","26","251","POLSKI OWCZAREK NIZINNY","POLISH LOWLAND SHEEPDOG","","Sheepdogs","Sheepdogs and Cattledogs (except Swiss Cattledogs)","POLAND","http://www.fci.be/Nomenclature/Illustrations/251g01.jpg"
"1","1","","27","252","POLSKI OWCZAREK PODHALANSKI","TATRA SHEPHERD DOG","","Sheepdogs","Sheepdogs and Cattledogs (except Swiss Cattledogs)","POLAND","http://www.fci.be/Nomenclature/Illustrations/252g01.jpg"
"1","1","","28","93","CÃO DA SERRA DE AIRES","PORTUGUESE SHEEPDOG","","Sheepdogs","Sheepdogs and Cattledogs (except Swiss Cattledogs)"," PORTUGAL","http://www.fci.be/Nomenclature/Illustrations/093g01.jpg"
"1","1","","29","350","CIOBANESC ROMÂNESC CARPATIN","ROMANIAN CARPATHIAN SHEPHERD DOG","","Sheepdogs","Sheepdogs and Cattledogs (except Swiss Cattledogs)"," ROMANIA","http://www.fci.be/Nomenclature/Illustrations/350g01.jpg"
"1","1","","30","349","CIOBANESC ROMÂNESC MIORITIC","ROMANIAN MIORITIC SHEPHERD DOG","","Sheepdogs","Sheepdogs and Cattledogs (except Swiss Cattledogs)"," ROMANIA",""
"1","1","","31","326","YUZHNORUSSKAYA OVCHARKA","SOUTH RUSSIAN SHEPHERD DOG","","Sheepdogs","Sheepdogs and Cattledogs (except Swiss Cattledogs)"," RUSSIA",""
"1","1","","32","332","CESKOSLOVENSKÝ VLCIAK","CZECHOSLOVAKIAN WOLFDOG","","Sheepdogs","Sheepdogs and Cattledogs (except Swiss Cattledogs)"," SLOVAKIA",""
"1","1","","33","142","SLOVENSKÝ CUVAC","SLOVAKIAN CHUVACH","","Sheepdogs","Sheepdogs and Cattledogs (except Swiss Cattledogs)"," SLOVAKIA",""
"1","1","","34","87","GOS D'ATURA CATALÁ","CATALAN SHEEPDOG","","Sheepdogs","Sheepdogs and Cattledogs (except Swiss Cattledogs)"," SPAIN",""
"1","1","","35","321","CA DE BESTIAR","MAJORCA SHEPHERD DOG","","Sheepdogs","Sheepdogs and Cattledogs (except Swiss Cattledogs)"," SPAIN",""
"1","1","","36","347","BERGER BLANC SUISSE","WHITE SWISS SHEPHERD DOG","","Sheepdogs","Sheepdogs and Cattledogs (except Swiss Cattledogs)"," SWITZERLAND","http://www.fci.be/Nomenclature/Illustrations/347g01-1.jpg"
"1","1","","37","313","NEDERLANDSE SCHAPENDOES","DUTCH SCHAPENDOES","","Sheepdogs","Sheepdogs and Cattledogs (except Swiss Cattledogs)"," THE NETHERLANDS","http://www.fci.be/Nomenclature/Illustrations/313g01.jpg"
"1","1","","38","223","HOLLANDSE HERDERSHOND","DUTCH SHEPHERD DOG","","Sheepdogs","Sheepdogs and Cattledogs (except Swiss Cattledogs)"," THE NETHERLANDS","http://www.fci.be/Nomenclature/Illustrations/223g01-1.jpg"
"1","1","","39","311","SAARLOOSWOLFHOND","SAARLOOS WOLFHOND","","Sheepdogs","Sheepdogs and Cattledogs (except Swiss Cattledogs)"," THE NETHERLANDS","http://www.fci.be/Nomenclature/Illustrations/311g01-1.jpg"
"1","1","","40","342","AUSTRALIAN SHEPHERD","AUSTRALIAN SHEPHERD","","Sheepdogs","Sheepdogs and Cattledogs (except Swiss Cattledogs)"," UNITED STATES OF AMERICA",""
"1","2","","41","287","AUSTRALIAN CATTLE DOG","AUSTRALIAN CATTLE DOG","","Cattledogs (except Swiss Cattledogs)","Sheepdogs and Cattledogs (except Swiss Cattledogs)","AUSTRALIA","http://www.fci.be/Nomenclature/Illustrations/287g01.jpg"
"1","2","","42","171","BOUVIER DES ARDENNES","BOUVIER DES ARDENNES","","Cattledogs (except Swiss Cattledogs)","Sheepdogs and Cattledogs (except Swiss Cattledogs)","BELGIUM",""
"1","2","","43","191","BOUVIER DES FLANDRES/VLAAMSE KOEHOND","BOUVIER DES FLANDRES","","Cattledogs (except Swiss Cattledogs)","Sheepdogs and Cattledogs (except Swiss Cattledogs)","BELGIUM, FRANCE",""
"2","3","1","44","64","ÖSTERREICHISCHER PINSCHER","AUSTRIAN PINSCHER","Pinscher","Pinscher and Schnauzer type","Pinscher and Schnauzer - Molossoid and Swiss Mountain and Cattledogs","AUSTRIA",""
"2","3","1","45","356","DANSK-SVENSK GÅRDSHUND","DANISH-SWEDISH FARMDOG","Pinscher","Pinscher and Schnauzer type","Pinscher and Schnauzer - Molossoid and Swiss Mountain and Cattledogs","DENMARK, SWEDEN","http://www.fci.be/Nomenclature/Illustrations/356g02.jpg"
"2","3","1","46","186","AFFENPINSCHER","AFFENPINSCHER","Pinscher","Pinscher and Schnauzer type","Pinscher and Schnauzer - Molossoid and Swiss Mountain and Cattledogs","GERMANY","http://www.fci.be/Nomenclature/Illustrations/186g02.jpg"
"2","3","1","47","143","DOBERMANN","DOBERMANN","Pinscher","Pinscher and Schnauzer type","Pinscher and Schnauzer - Molossoid and Swiss Mountain and Cattledogs","GERMANY","http://www.fci.be/Nomenclature/Illustrations/143g02.jpg"
"2","3","1","48","184","DEUTSCHER PINSCHER","GERMAN PINSCHER","Pinscher","Pinscher and Schnauzer type","Pinscher and Schnauzer - Molossoid and Swiss Mountain and Cattledogs","GERMANY","http://www.fci.be/Nomenclature/Illustrations/184g02.jpg"
"2","3","1","49","185","ZWERGPINSCHER","MINIATURE PINSCHER","Pinscher","Pinscher and Schnauzer type","Pinscher and Schnauzer - Molossoid and Swiss Mountain and Cattledogs","GERMANY","http://www.fci.be/Nomenclature/Illustrations/185g02.jpg"
"2","3","2","50","181","RIESENSCHNAUZER","GIANT SCHNAUZER","Schnauzer","Pinscher and Schnauzer type","Pinscher and Schnauzer - Molossoid and Swiss Mountain and Cattledogs","GERMANY","http://www.fci.be/Nomenclature/Illustrations/181g02.jpg"
"2","3","2","51","183","ZWERGSCHNAUZER","MINIATURE SCHNAUZER","Schnauzer","Pinscher and Schnauzer type","Pinscher and Schnauzer - Molossoid and Swiss Mountain and Cattledogs","GERMANY","http://www.fci.be/Nomenclature/Illustrations/183g02.jpg"
"2","3","2","52","182","SCHNAUZER","SCHNAUZER","Schnauzer","Pinscher and Schnauzer type","Pinscher and Schnauzer - Molossoid and Swiss Mountain and Cattledogs","GERMANY","http://www.fci.be/Nomenclature/Illustrations/182g02.jpg"
"2","3","3","53","308","HOLLANDSE SMOUSHOND","DUTCH SMOUSHOND","Smoushond","Pinscher and Schnauzer type","Pinscher and Schnauzer - Molossoid and Swiss Mountain and Cattledogs","THE NETHERLANDS",""
"2","3","4","54","327","RUSSKIY TCHIORNY TERRIER","RUSSIAN BLACK TERRIER","Tchiorny Terrier","Pinscher and Schnauzer type","Pinscher and Schnauzer - Molossoid and Swiss Mountain and Cattledogs","RUSSIA",""
"2","4","5","55","292","DOGO ARGENTINO","DOGO ARGENTINO","Mastiff type","Molossian type","Pinscher and Schnauzer - Molossoid and Swiss Mountain and Cattledogs","ARGENTINA","http://www.fci.be/Nomenclature/Illustrations/292g02.jpg"
"2","4","5","56","225","FILA BRASILEIRO","FILA BRASILEIRO","Mastiff type","Molossian type","Pinscher and Schnauzer - Molossoid and Swiss Mountain and Cattledogs","BRAZIL","http://www.fci.be/Nomenclature/Illustrations/225g02.jpg"
"2","4","5","57","309","SHAR PEI","SHAR PEI","Mastiff type","Molossian type","Pinscher and Schnauzer - Molossoid and Swiss Mountain and Cattledogs","CHINA",""
"2","4","5","58","315","BROHOLMER","BROHOLMER","Mastiff type","Molossian type","Pinscher and Schnauzer - Molossoid and Swiss Mountain and Cattledogs","DENMARK","http://www.fci.be/Nomenclature/Illustrations/315g02.jpg"
"2","4","5","59","116","DOGUE DE BORDEAUX","DOGUE DE BORDEAUX","Mastiff type","Molossian type","Pinscher and Schnauzer - Molossoid and Swiss Mountain and Cattledogs","FRANCE","http://www.fci.be/Nomenclature/Illustrations/116g02.jpg"
"2","4","5","60","144","DEUTSCHER BOXER","BOXER","Mastiff type","Molossian type","Pinscher and Schnauzer - Molossoid and Swiss Mountain and Cattledogs","GERMANY","http://www.fci.be/Nomenclature/Illustrations/144g02.jpg"
"2","4","5","61","235","DEUTSCHE DOGGE","GREAT DANE","Mastiff type","Molossian type","Pinscher and Schnauzer - Molossoid and Swiss Mountain and Cattledogs","GERMANY","http://www.fci.be/Nomenclature/Illustrations/235g02.jpg"
"2","4","5","62","147","ROTTWEILER","ROTTWEILER","Mastiff type","Molossian type","Pinscher and Schnauzer - Molossoid and Swiss Mountain and Cattledogs","GERMANY",""
"2","4","5","63","149","BULLDOG","BULLDOG","Mastiff type","Molossian type","Pinscher and Schnauzer - Molossoid and Swiss Mountain and Cattledogs","GREAT BRITAIN","http://www.fci.be/Nomenclature/Illustrations/149g02.jpg"
"2","4","5","64","157","BULLMASTIFF","BULLMASTIFF","Mastiff type","Molossian type","Pinscher and Schnauzer - Molossoid and Swiss Mountain and Cattledogs","GREAT BRITAIN",""
"2","4","5","65","264","MASTIFF","MASTIFF","Mastiff type","Molossian type","Pinscher and Schnauzer - Molossoid and Swiss Mountain and Cattledogs","GREAT BRITAIN",""
"2","4","5","66","343","CANE CORSO ITALIANO","ITALIAN CANE CORSO","Mastiff type","Molossian type","Pinscher and Schnauzer - Molossoid and Swiss Mountain and Cattledogs","ITALY","http://www.fci.be/Nomenclature/Illustrations/343g02.jpg"
"2","4","5","67","197","MASTINO NAPOLETANO","NEAPOLITAN MASTIFF","Mastiff type","Molossian type","Pinscher and Schnauzer - Molossoid and Swiss Mountain and Cattledogs","ITALY",""
"2","4","5","68","260","TOSA","TOSA","Mastiff type","Molossian type","Pinscher and Schnauzer - Molossoid and Swiss Mountain and Cattledogs","JAPAN","http://www.fci.be/Nomenclature/Illustrations/260g02.jpg"
"2","4","5","69","340","CÃO FILA DE SÃO MIGUEL","SAINT MIGUEL CATTLE DOG","Mastiff type","Molossian type","Pinscher and Schnauzer - Molossoid and Swiss Mountain and Cattledogs"," PORTUGAL",""
"2","4","5","70","249","PERRO DOGO MALLORQUÍN","MAJORCA MASTIFF","Mastiff type","Molossian type","Pinscher and Schnauzer - Molossoid and Swiss Mountain and Cattledogs"," SPAIN",""
"2","4","5","71","346","PRESA CANARIO","PRESA CANARIO","Mastiff type","Molossian type","Pinscher and Schnauzer - Molossoid and Swiss Mountain and Cattledogs"," SPAIN",""
"2","4","5","72","353","CIMARRÓN URUGUAYO","CIMARRÓN URUGUAYO","Mastiff type","Molossian type","Pinscher and Schnauzer - Molossoid and Swiss Mountain and Cattledogs"," URUGUAY",""
"2","4","6","73","355","TORNJAK","BOSNIAN AND HERZEGOVINIAN - CROATIAN SHEPHERD DOG","Mountain type","Molossian type","Pinscher and Schnauzer - Molossoid and Swiss Mountain and Cattledogs","BOSNIA AND HERZEGOVINA, CROATIA",""
"2","4","6","74","50","NEWFOUNDLAND","NEWFOUNDLAND","Mountain type","Molossian type","Pinscher and Schnauzer - Molossoid and Swiss Mountain and Cattledogs","CANADA",""
"2","4","6","75","137","CHIEN DE MONTAGNE DES PYRENEES","PYRENEAN MOUNTAIN DOG","Mountain type","Molossian type","Pinscher and Schnauzer - Molossoid and Swiss Mountain and Cattledogs","FRANCE","http://www.fci.be/Nomenclature/Illustrations/137g02.jpg"
"2","4","6","76","190","HOVAWART","HOVAWART","Mountain type","Molossian type","Pinscher and Schnauzer - Molossoid and Swiss Mountain and Cattledogs","GERMANY",""
"2","4","6","77","145","LEONBERGER","LEONBERGER","Mountain type","Molossian type","Pinscher and Schnauzer - Molossoid and Swiss Mountain and Cattledogs","GERMANY",""
"2","4","6","78","226","LANDSEER (EUROPÄISCH-KONTINENTALER TYP)","LANDSEER (EUROPEAN CONTINENTAL TYPE)","Mountain type","Molossian type","Pinscher and Schnauzer - Molossoid and Swiss Mountain and Cattledogs","GERMANY, SWITZERLAND",""
"2","4","6","79","247","AÏDI (CHIEN DE MONTAGNE DE L'ATLAS)","ATLAS MOUNTAIN DOG (AIDI)","Mountain type","Molossian type","Pinscher and Schnauzer - Molossoid and Swiss Mountain and Cattledogs","MOROCCO",""
"2","4","6","80","41","JUGOSLOVENSKI OVCARSKI PAS-SARPLANINAC","YUGOSLAVIAN SHEPHERD DOG - SHARPLANINA","Mountain type","Molossian type","Pinscher and Schnauzer - Molossoid and Swiss Mountain and Cattledogs","NORTH MACEDONIA, SERBIA",""
"2","4","6","81","170","CÃO DE CASTRO LABOREIRO","CASTRO LABOREIRO DOG","Mountain type","Molossian type","Pinscher and Schnauzer - Molossoid and Swiss Mountain and Cattledogs","PORTUGAL","http://www.fci.be/Nomenclature/Illustrations/170g02.jpg"
"2","4","6","82","173","CÃO DA SERRA DA ESTRELA","ESTRELA MOUNTAIN DOG","Mountain type","Molossian type","Pinscher and Schnauzer - Molossoid and Swiss Mountain and Cattledogs","PORTUGAL","http://www.fci.be/Nomenclature/Illustrations/173g02.jpg"
"2","4","6","83","96","RAFEIRO DO ALENTEJO","RAFEIRO OF ALENTEJO","Mountain type","Molossian type","Pinscher and Schnauzer - Molossoid and Swiss Mountain and Cattledogs","PORTUGAL","http://www.fci.be/Nomenclature/Illustrations/096g02.jpg"
"2","4","6","84","357","CIOBANESC ROMÂNESC DE BUCOVINA","ROMANIAN BUCOVINA SHEPHERD","Mountain type","Molossian type","Pinscher and Schnauzer - Molossoid and Swiss Mountain and Cattledogs","ROMANIA","http://www.fci.be/Nomenclature/Illustrations/357g02.jpg"
"2","4","6","85","328","KAVKAZSKAÏA OVTCHARKA","CAUCASIAN SHEPHERD DOG","Mountain type","Molossian type","Pinscher and Schnauzer - Molossoid and Swiss Mountain and Cattledogs"," RUSSIA","http://www.fci.be/Nomenclature/Illustrations/328g02.jpg"
"2","4","6","86","335","SREDNEASIATSKAYA OVTCHARKA","CENTRAL ASIA SHEPHERD DOG","Mountain type","Molossian type","Pinscher and Schnauzer - Molossoid and Swiss Mountain and Cattledogs"," RUSSIA","http://www.fci.be/Nomenclature/Illustrations/335g02-1.jpg"
"2","4","6","87","278","KRASKI OVCAR","KARST SHEPHERD DOG","Mountain type","Molossian type","Pinscher and Schnauzer - Molossoid and Swiss Mountain and Cattledogs"," SLOVENIA","http://www.fci.be/Nomenclature/Illustrations/278g02.jpg"
"2","4","6","88","92","MASTÍN DEL PIRINEO","PYRENEAN MASTIFF","Mountain type","Molossian type","Pinscher and Schnauzer - Molossoid and Swiss Mountain and Cattledogs"," SPAIN",""
"2","4","6","89","91","MASTÍN ESPAÑOL","SPANISH MASTIFF","Mountain type","Molossian type","Pinscher and Schnauzer - Molossoid and Swiss Mountain and Cattledogs"," SPAIN",""
"2","4","6","90","61","ST.BERNHARDSHUND - BERNHARDINER","ST. BERNARD","Mountain type","Molossian type","Pinscher and Schnauzer - Molossoid and Swiss Mountain and Cattledogs"," SWITZERLAND","http://www.fci.be/Nomenclature/Illustrations/061g02-1.jpg"
"2","4","6","91","230","DO-KHYI","TIBETAN MASTIFF","Mountain type","Molossian type","Pinscher and Schnauzer - Molossoid and Swiss Mountain and Cattledogs"," Tibet (China)",""
"2","4","6","92","331","KANGAL ÇOBAN KÖPEGI","KANGAL SHEPHERD DOG","Mountain type","Molossian type","Pinscher and Schnauzer - Molossoid and Swiss Mountain and Cattledogs"," TURKEY","http://www.fci.be/Nomenclature/Illustrations/331g02.jpg"
"2","5","","93","46","APPENZELLER SENNENHUND","APPENZELL CATTLE DOG","","Swiss Mountain- and Cattledogs","Pinscher and Schnauzer - Molossoid and Swiss Mountain and Cattledogs","SWITZERLAND",""
"2","5","","94","45","BERNER SENNENHUND","BERNESE MOUNTAIN DOG","","Swiss Mountain- and Cattledogs","Pinscher and Schnauzer - Molossoid and Swiss Mountain and Cattledogs","SWITZERLAND","http://www.fci.be/Nomenclature/Illustrations/045g02.jpg"
"2","5","","95","47","ENTLEBUCHER SENNENHUND","ENTLEBUCH CATTLE DOG","","Swiss Mountain- and Cattledogs","Pinscher and Schnauzer - Molossoid and Swiss Mountain and Cattledogs","SWITZERLAND","http://www.fci.be/Nomenclature/Illustrations/047g02.jpg"
"2","5","","96","58","GROSSER SCHWEIZER SENNENHUND","GREAT SWISS MOUNTAIN DOG","","Swiss Mountain- and Cattledogs","Pinscher and Schnauzer - Molossoid and Swiss Mountain and Cattledogs","SWITZERLAND","http://www.fci.be/Nomenclature/Illustrations/058g02.jpg"
"3","6","","97","341","TERRIER BRASILEIRO","BRAZILIAN TERRIER","","Large and medium sized Terriers","Terriers","BRAZIL","http://www.fci.be/Nomenclature/Illustrations/341g03.jpg"
"3","6","","98","103","DEUTSCHER JAGDTERRIER","GERMAN HUNTING TERRIER","","Large and medium sized Terriers","Terriers","GERMANY","http://www.fci.be/Nomenclature/Illustrations/103g03-1.jpg"
"3","6","","99","7","AIREDALE TERRIER","AIREDALE TERRIER","","Large and medium sized Terriers","Terriers","GREAT BRITAIN","http://www.fci.be/Nomenclature/Illustrations/007g03.jpg"
"3","6","","100","9","BEDLINGTON TERRIER","BEDLINGTON TERRIER","","Large and medium sized Terriers","Terriers","GREAT BRITAIN","http://www.fci.be/Nomenclature/Illustrations/009g03.jpg"
"3","6","","101","10","BORDER TERRIER","BORDER TERRIER","","Large and medium sized Terriers","Terriers","GREAT BRITAIN",""
"3","6","","102","12","FOX TERRIER (SMOOTH)","FOX TERRIER (SMOOTH)","","Large and medium sized Terriers","Terriers","GREAT BRITAIN","http://www.fci.be/Nomenclature/Illustrations/012g03.jpg"
"3","6","","103","169","FOX TERRIER (WIRE)","FOX TERRIER (WIRE)","","Large and medium sized Terriers","Terriers","GREAT BRITAIN","http://www.fci.be/Nomenclature/Illustrations/169g03.jpg"
"3","6","","104","70","LAKELAND TERRIER","LAKELAND TERRIER","","Large and medium sized Terriers","Terriers","GREAT BRITAIN","http://www.fci.be/Nomenclature/Illustrations/070g03.jpg"
"3","6","","105","71","MANCHESTER TERRIER","MANCHESTER TERRIER","","Large and medium sized Terriers","Terriers","GREAT BRITAIN","http://www.fci.be/Nomenclature/Illustrations/071g03.jpg"
"3","6","","106","339","PARSON RUSSELL TERRIER","PARSON RUSSELL TERRIER","","Large and medium sized Terriers","Terriers","GREAT BRITAIN","http://www.fci.be/Nomenclature/Illustrations/339g03.jpg"
"3","6","","107","78","WELSH TERRIER","WELSH TERRIER","","Large and medium sized Terriers","Terriers","GREAT BRITAIN","http://www.fci.be/Nomenclature/Illustrations/078g03.jpg"
"3","6","","108","302","IRISH GLEN OF IMAAL TERRIER","IRISH GLEN OF IMAAL TERRIER","","Large and medium sized Terriers","Terriers","IRELAND",""
"3","6","","109","40","IRISH SOFT COATED WHEATEN TERRIER","IRISH SOFT COATED WHEATEN TERRIER","","Large and medium sized Terriers","Terriers","IRELAND",""
"3","6","","110","139","IRISH TERRIER","IRISH TERRIER","","Large and medium sized Terriers","Terriers","IRELAND",""
"3","6","","111","3","KERRY BLUE TERRIER","KERRY BLUE TERRIER","","Large and medium sized Terriers","Terriers","IRELAND",""
"3","7","","112","8","AUSTRALIAN TERRIER","AUSTRALIAN TERRIER","","Small sized Terriers","Terriers","AUSTRALIA","http://www.fci.be/Nomenclature/Illustrations/008g03.jpg"
"3","7","","113","246","CESKÝ TERIER","CESKY TERRIER","","Small sized Terriers","Terriers","CZECH REPUBLIC","http://www.fci.be/Nomenclature/Illustrations/246g03.jpg"
"3","7","","114","4","CAIRN TERRIER","CAIRN TERRIER","","Small sized Terriers","Terriers","GREAT BRITAIN","http://www.fci.be/Nomenclature/Illustrations/004g03.jpg"
"3","7","","115","168","DANDIE DINMONT TERRIER","DANDIE DINMONT TERRIER","","Small sized Terriers","Terriers","GREAT BRITAIN","http://www.fci.be/Nomenclature/Illustrations/168g03.jpg"
"3","7","","116","345","JACK RUSSELL TERRIER","JACK RUSSELL TERRIER","","Small sized Terriers","Terriers","GREAT BRITAIN","http://www.fci.be/Nomenclature/Illustrations/345g03-2.jpg"
"3","7","","117","272","NORFOLK TERRIER","NORFOLK TERRIER","","Small sized Terriers","Terriers","GREAT BRITAIN","http://www.fci.be/Nomenclature/Illustrations/272g03.jpg"
"3","7","","118","72","NORWICH TERRIER","NORWICH TERRIER","","Small sized Terriers","Terriers","GREAT BRITAIN","http://www.fci.be/Nomenclature/Illustrations/072g03.jpg"
"3","7","","119","73","SCOTTISH TERRIER","SCOTTISH TERRIER","","Small sized Terriers","Terriers","GREAT BRITAIN","http://www.fci.be/Nomenclature/Illustrations/073g03.jpg"
"3","7","","120","74","SEALYHAM TERRIER","SEALYHAM TERRIER","","Small sized Terriers","Terriers","GREAT BRITAIN","http://www.fci.be/Nomenclature/Illustrations/074g03.jpg"
"3","7","","121","75","SKYE TERRIER","SKYE TERRIER","","Small sized Terriers","Terriers","GREAT BRITAIN","http://www.fci.be/Nomenclature/Illustrations/075g03.jpg"
"3","7","","122","85","WEST HIGHLAND WHITE TERRIER","WEST HIGHLAND WHITE TERRIER","","Small sized Terriers","Terriers","GREAT BRITAIN","http://www.fci.be/Nomenclature/Illustrations/085g03.jpg"
"3","7","","123","259","NIHON TERIA","JAPANESE TERRIER","","Small sized Terriers","Terriers","JAPAN","http://www.fci.be/Nomenclature/Illustrations/259g03.jpg"
"3","8","","124","11","BULL TERRIER","BULL TERRIER","","Bull type Terriers","Terriers","GREAT BRITAIN","http://www.fci.be/Nomenclature/Illustrations/011g03.jpg"
"3","8","","125","359","MINIATURE BULL TERRIER","MINIATURE BULL TERRIER","","Bull type Terriers","Terriers","GREAT BRITAIN","http://www.fci.be/Nomenclature/Illustrations/359g03.jpg"
"3","8","","126","76","STAFFORDSHIRE BULL TERRIER","STAFFORDSHIRE BULL TERRIER","","Bull type Terriers","Terriers","GREAT BRITAIN","http://www.fci.be/Nomenclature/Illustrations/076g03.jpg"
"3","8","","127","286","AMERICAN STAFFORDSHIRE TERRIER","AMERICAN STAFFORDSHIRE TERRIER","","Bull type Terriers","Terriers","UNITED STATES OF AMERICA",""
"3","9","","128","236","AUSTRALIAN SILKY TERRIER","AUSTRALIAN SILKY TERRIER","","Toy Terriers","Terriers","AUSTRALIA","http://www.fci.be/Nomenclature/Illustrations/236g03.jpg"
"3","9","","129","13","ENGLISH TOY TERRIER","ENGLISH TOY TERRIER (BLACK &TAN)","","Toy Terriers","Terriers","GREAT BRITAIN","http://www.fci.be/Nomenclature/Illustrations/013g03.jpg"
"3","9","","130","86","YORKSHIRE TERRIER","YORKSHIRE TERRIER","","Toy Terriers","Terriers","GREAT BRITAIN","http://www.fci.be/Nomenclature/Illustrations/086g03.jpg"
"4","","","131","148","DACHSHUND","DACHSHUND","","","Dachshunds","GERMANY","http://www.fci.be/Nomenclature/Illustrations/148g04-1.jpg"
"5","10","","132","211","CANADIAN ESKIMO DOG","CANADIAN ESKIMO DOG","","Nordic Sledge Dogs","Spitz and primitive types","CANADA","http://www.fci.be/Nomenclature/Illustrations/211g05.jpg"
"5","10","","133","274","GRØNLANDSHUND","GREENLAND DOG","","Nordic Sledge Dogs","Spitz and primitive types","GREENLAND","http://www.fci.be/Nomenclature/Illustrations/274g05.jpg"
"5","10","","134","212","SAMOIEDSKAÏA SABAKA","SAMOYED","","Nordic Sledge Dogs","Spitz and primitive types","NORTHERN RUSSIA, SIBERIA","http://www.fci.be/Nomenclature/Illustrations/212g05.jpg"
"5","10","","135","243","ALASKAN MALAMUTE","ALASKAN MALAMUTE","","Nordic Sledge Dogs","Spitz and primitive types","UNITED STATES OF AMERICA",""
"5","10","","136","270","SIBERIAN HUSKY","SIBERIAN HUSKY","","Nordic Sledge Dogs","Spitz and primitive types","UNITED STATES OF AMERICA",""
"5","11","","137","49","SUOMENPYSTYKORVA","FINNISH SPITZ","","Nordic Hunting Dogs","Spitz and primitive types","FINLAND","http://www.fci.be/Nomenclature/Illustrations/049g05-1.jpg"
"5","11","","138","48","KARJALANKARHUKOIRA","KARELIAN BEAR DOG","","Nordic Hunting Dogs","Spitz and primitive types","FINLAND","http://www.fci.be/Nomenclature/Illustrations/048g05-1.jpg"
"5","11","","139","268","NORSK ELGHUND SORT","NORWEGIAN ELKHOUND BLACK","","Nordic Hunting Dogs","Spitz and primitive types","NORWAY","http://www.fci.be/Nomenclature/Illustrations/268g05.jpg"
"5","11","","140","242","NORSK ELGHUND GRÅ","NORWEGIAN ELKHOUND GREY","","Nordic Hunting Dogs","Spitz and primitive types","NORWAY","http://www.fci.be/Nomenclature/Illustrations/242g05.jpg"
"5","11","","141","265","NORSK LUNDEHUND","NORWEGIAN LUNDEHUND","","Nordic Hunting Dogs","Spitz and primitive types","NORWAY","http://www.fci.be/Nomenclature/Illustrations/265g05.jpg"
"5","11","","142","305","VOSTOTCHNO-SIBIRSKAÏA LAÏKA","EAST SIBERIAN LAIKA","","Nordic Hunting Dogs","Spitz and primitive types","RUSSIA","http://www.fci.be/Nomenclature/Illustrations/305g05-1.jpg"
"5","11","","143","304","RUSSKO-EVROPEÏSKAÏA LAÏKA","RUSSIAN-EUROPEAN LAIKA","","Nordic Hunting Dogs","Spitz and primitive types","RUSSIA",""
"5","11","","144","306","ZAPADNO-SIBIRSKAÏA LAÏKA","WEST SIBERIAN LAIKA","","Nordic Hunting Dogs","Spitz and primitive types","RUSSIA",""
"5","11","","145","42","JÄMTHUND","JÄMTHUND","","Nordic Hunting Dogs","Spitz and primitive types","SWEDEN","http://www.fci.be/Nomenclature/Illustrations/042g05.jpg"
"5","11","","146","276","NORRBOTTENSPETS","NORRBOTTENSPITZ","","Nordic Hunting Dogs","Spitz and primitive types","SWEDEN","http://www.fci.be/Nomenclature/Illustrations/276g05.jpg"
"5","12","","147","189","SUOMENLAPINKOIRA","FINNISH LAPPONIAN DOG","","Nordic Watchdogs and Herders","Spitz and primitive types","FINLAND","http://www.fci.be/Nomenclature/Illustrations/189g05-1.jpg"
"5","12","","148","284","LAPINPOROKOIRA","LAPPONIAN HERDER","","Nordic Watchdogs and Herders","Spitz and primitive types","FINLAND",""
"5","12","","149","289","ÍSLENSKUR FJÁRHUNDUR","ICELANDIC SHEEPDOG","","Nordic Watchdogs and Herders","Spitz and primitive types","ICELAND","http://www.fci.be/Nomenclature/Illustrations/289g05.jpg"
"5","12","","150","237","NORSK BUHUND","NORWEGIAN BUHUND","","Nordic Watchdogs and Herders","Spitz and primitive types","NORWAY","http://www.fci.be/Nomenclature/Illustrations/237g05.jpg"
"5","12","","151","135","SVENSK LAPPHUND","SWEDISH LAPPHUND","","Nordic Watchdogs and Herders","Spitz and primitive types","SWEDEN",""
"5","12","","152","14","VÄSTGÖTASPETS","SWEDISH VALLHUND","","Nordic Watchdogs and Herders","Spitz and primitive types","SWEDEN","http://www.fci.be/Nomenclature/Illustrations/014g05.jpg"
"5","13","","153","97","DEUTSCHER SPITZ","GERMAN SPITZ","","European Spitz","Spitz and primitive types","GERMANY","http://www.fci.be/Nomenclature/Illustrations/097g05-1.jpg"
"5","13","","154","195","VOLPINO ITALIANO","ITALIAN VOLPINO","","European Spitz","Spitz and primitive types","ITALY",""
"5","14","","155","205","CHOW CHOW","CHOW CHOW","","Asian Spitz and related breeds","Spitz and primitive types","CHINA","http://www.fci.be/Nomenclature/Illustrations/205g05.jpg"
"5","14","","156","291","EURASIER","EURASIAN","","Asian Spitz and related breeds","Spitz and primitive types","GERMANY","http://www.fci.be/Nomenclature/Illustrations/291g05.jpg"
"5","14","","157","255","AKITA","AKITA","","Asian Spitz and related breeds","Spitz and primitive types","JAPAN","http://www.fci.be/Nomenclature/Illustrations/255g05.jpg"
"5","14","","158","344","AMERICAN AKITA","AMERICAN AKITA","","Asian Spitz and related breeds","Spitz and primitive types","JAPAN",""
"5","14","","159","261","HOKKAIDO","HOKKAIDO","","Asian Spitz and related breeds","Spitz and primitive types","JAPAN","http://www.fci.be/Nomenclature/Illustrations/261g05.jpg"
"5","14","","160","262","NIHON SUPITTSU","JAPANESE SPITZ","","Asian Spitz and related breeds","Spitz and primitive types","JAPAN","http://www.fci.be/Nomenclature/Illustrations/262g05.jpg"
"5","14","","161","317","KAI","KAI","","Asian Spitz and related breeds","Spitz and primitive types","JAPAN","http://www.fci.be/Nomenclature/Illustrations/317g05.jpg"
"5","14","","162","318","KISHU","KISHU","","Asian Spitz and related breeds","Spitz and primitive types","JAPAN","http://www.fci.be/Nomenclature/Illustrations/318g05.jpg"
"5","14","","163","257","SHIBA","SHIBA","","Asian Spitz and related breeds","Spitz and primitive types","JAPAN","http://www.fci.be/Nomenclature/Illustrations/257g05.jpg"
"5","14","","164","319","SHIKOKU","SHIKOKU","","Asian Spitz and related breeds","Spitz and primitive types","JAPAN","http://www.fci.be/Nomenclature/Illustrations/319g05.jpg"
"5","14","","165","334","KOREA JINDO DOG","KOREA JINDO DOG","","Asian Spitz and related breeds","Spitz and primitive types","REPUBLIC OF KOREA","http://www.fci.be/Nomenclature/Illustrations/334g05.jpg"
"5","15","","166","43","BASENJI","BASENJI","","Primitive type","Spitz and primitive types","CENTRAL AFRICA",""
"5","15","","167","273","CANAAN DOG","CANAAN DOG","","Primitive type","Spitz and primitive types","ISRAEL",""
"5","15","","168","248","PHARAOH HOUND","PHARAOH HOUND","","Primitive type","Spitz and primitive types","MALTA",""
"5","15","","169","234","XOLOITZCUINTLE","XOLOITZCUINTLE","","Primitive type","Spitz and primitive types","MEXICO","http://www.fci.be/Nomenclature/Illustrations/234g05-1.jpg"
"5","15","","170","310","PERRO SIN PELO DEL PERÚ","PERUVIAN HAIRLESS DOG","","Primitive type","Spitz and primitive types","PERU","http://www.fci.be/Nomenclature/Illustrations/310g05.jpg"
"5","16","","171","199","CIRNECO DELL'ETNA","CIRNECO DELL'ETNA","","Primitive type - Hunting Dogs","Spitz and primitive types","ITALY",""
"5","16","","172","94","PODENGO PORTUGUÊS","PORTUGUESE WARREN HOUND-PORTUGUESE PODENGO","","Primitive type - Hunting Dogs","Spitz and primitive types","PORTUGAL","http://www.fci.be/Nomenclature/Illustrations/094g05-1.jpg"
"5","16","","173","329","PODENCO CANARIO","CANARIAN WARREN HOUND","","Primitive type - Hunting Dogs","Spitz and primitive types","SPAIN","http://www.fci.be/Nomenclature/Illustrations/329g05.jpg"
"5","16","","174","89","PODENCO IBICENCO","IBIZAN PODENCO","","Primitive type - Hunting Dogs","Spitz and primitive types","SPAIN",""
"5","16","","175","348","TAIWAN DOG","TAIWAN DOG","","Primitive type - Hunting Dogs","Spitz and primitive types","TAIWAN",""
"5","16","","176","338","THAI RIDGEBACK DOG","THAI RIDGEBACK DOG","","Primitive type - Hunting Dogs","Spitz and primitive types","THAILAND",""
"6","17","7","177","84","CHIEN DE SAINT HUBERT","BLOODHOUND","Large-sized Hounds","Scent hounds","Scent hounds and related breeds","BELGIUM",""
"6","17","7","178","25","BILLY","BILLY","Large-sized Hounds","Scent hounds","Scent hounds and related breeds","FRANCE","http://www.fci.be/Nomenclature/Illustrations/025g06.jpg"
"6","17","7","179","219","FRANÇAIS TRICOLORE","FRENCH TRICOLOUR HOUND","Large-sized Hounds","Scent hounds","Scent hounds and related breeds","FRANCE",""
"6","17","7","180","220","FRANÇAIS BLANC ET NOIR","FRENCH WHITE & BLACK HOUND","Large-sized Hounds","Scent hounds","Scent hounds and related breeds","FRANCE","http://www.fci.be/Nomenclature/Illustrations/220g06.jpg"
"6","17","7","181","316","FRANÇAIS BLANC ET ORANGE","FRENCH WHITE AND ORANGE HOUND","Large-sized Hounds","Scent hounds","Scent hounds and related breeds","FRANCE",""
"6","17","7","182","21","GASCON SAINTONGEOIS","GASCON SAINTONGEOIS","Large-sized Hounds","Scent hounds","Scent hounds and related breeds","FRANCE",""
"6","17","7","183","282","GRAND GRIFFON VENDEEN","GRAND GRIFFON VENDEEN","Large-sized Hounds","Scent hounds","Scent hounds and related breeds","FRANCE","http://www.fci.be/Nomenclature/Illustrations/282g06.jpg"
"6","17","7","184","322","GRAND ANGLO-FRANÇAIS TRICOLORE","GREAT ANGLO-FRENCH TRICOLOUR HOUND","Large-sized Hounds","Scent hounds","Scent hounds and related breeds","FRANCE",""
"6","17","7","185","324","GRAND ANGLO-FRANÇAIS BLANC ET ORANGE","GREAT ANGLO-FRENCH WHITE & ORANGE HOUND","Large-sized Hounds","Scent hounds","Scent hounds and related breeds","FRANCE",""
"6","17","7","186","323","GRAND ANGLO-FRANÇAIS BLANC ET NOIR","GREAT ANGLO-FRENCH WHITE AND BLACK HOUND","Large-sized Hounds","Scent hounds","Scent hounds and related breeds","FRANCE","http://www.fci.be/Nomenclature/Illustrations/323g06.jpg"
"6","17","7","187","22","GRAND BLEU DE GASCOGNE","GREAT GASCONY BLUE","Large-sized Hounds","Scent hounds","Scent hounds and related breeds","FRANCE","http://www.fci.be/Nomenclature/Illustrations/022g06.jpg"
"6","17","7","188","24","POITEVIN","POITEVIN","Large-sized Hounds","Scent hounds","Scent hounds and related breeds","FRANCE","http://www.fci.be/Nomenclature/Illustrations/024g06.jpg"
"6","17","7","189","159","ENGLISH FOXHOUND","ENGLISH FOXHOUND","Large-sized Hounds","Scent hounds","Scent hounds and related breeds","GREAT BRITAIN",""
"6","17","7","190","294","OTTERHOUND","OTTERHOUND","Large-sized Hounds","Scent hounds","Scent hounds and related breeds","GREAT BRITAIN","http://www.fci.be/Nomenclature/Illustrations/294g06.jpg"
"6","17","7","191","52","OGAR POLSKI","POLISH HOUND","Large-sized Hounds","Scent hounds","Scent hounds and related breeds","POLAND","http://www.fci.be/Nomenclature/Illustrations/052g06.jpg"
"6","17","7","192","303","AMERICAN FOXHOUND","AMERICAN FOXHOUND","Large-sized Hounds","Scent hounds","Scent hounds and related breeds","UNITED STATES OF AMERICA",""
"6","17","7","193","300","BLACK AND TAN COONHOUND","BLACK AND TAN COONHOUND","Large-sized Hounds","Scent hounds","Scent hounds and related breeds","UNITED STATES OF AMERICA","http://www.fci.be/Nomenclature/Illustrations/300g06.jpg"
"6","17","8","194","63","BRANDLBRACKE - (VIERÄUGL)","AUSTRIAN BLACK AND TAN HOUND","Medium-sized Hounds","Scent hounds","Scent hounds and related breeds","AUSTRIA","http://www.fci.be/Nomenclature/Illustrations/063g06.jpg"
"6","17","8","195","62","STEIRISCHE RAUHHAARBRACKE","COARSE-HAIRED STYRIAN HOUND","Medium-sized Hounds","Scent hounds","Scent hounds and related breeds","AUSTRIA","http://www.fci.be/Nomenclature/Illustrations/062g06.jpg"
"6","17","8","196","68","TIROLER BRACKE","TYROLEAN HOUND","Medium-sized Hounds","Scent hounds","Scent hounds and related breeds","AUSTRIA",""
"6","17","8","197","155","BOSANSKI OSTRODLAKI GONIC-BARAK","BOSNIAN BROKEN-HAIRED HOUND - CALLED BARAK","Medium-sized Hounds","Scent hounds","Scent hounds and related breeds","BOSNIA AND HERZEGOVINA","http://www.fci.be/Nomenclature/Illustrations/155g06.jpg"
"6","17","8","198","151","ISTARSKI KRATKODLAKI GONIC","ISTRIAN SHORT-HAIRED HOUND","Medium-sized Hounds","Scent hounds","Scent hounds and related breeds","CROATIA","http://www.fci.be/Nomenclature/Illustrations/151g06.jpg"
"6","17","8","199","152","ISTARSKI OSTRODLAKI GONIC","ISTRIAN WIRE-HAIRED HOUND","Medium-sized Hounds","Scent hounds","Scent hounds and related breeds","CROATIA","http://www.fci.be/Nomenclature/Illustrations/152g06.jpg"
"6","17","8","200","154","POSAVSKI GONIC","POSAVATZ HOUND","Medium-sized Hounds","Scent hounds","Scent hounds and related breeds","CROATIA","http://www.fci.be/Nomenclature/Illustrations/154g06.jpg"
"6","17","8","201","51","SUOMENAJOKOIRA","FINNISH HOUND","Medium-sized Hounds","Scent hounds","Scent hounds and related breeds","FINLAND",""
"6","17","8","202","20","ARIEGEOIS","ARIEGEOIS","Medium-sized Hounds","Scent hounds","Scent hounds and related breeds","FRANCE","http://www.fci.be/Nomenclature/Illustrations/020g06.jpg"
"6","17","8","203","28","CHIEN D'ARTOIS","ARTOIS HOUND","Medium-sized Hounds","Scent hounds","Scent hounds and related breeds","FRANCE","http://www.fci.be/Nomenclature/Illustrations/028g06.jpg"
"6","17","8","204","290","BEAGLE HARRIER","BEAGLE HARRIER","Medium-sized Hounds","Scent hounds","Scent hounds and related breeds","FRANCE",""
"6","17","8","205","32","GRIFFON BLEU DE GASCOGNE","BLUE GASCONY GRIFFON","Medium-sized Hounds","Scent hounds","Scent hounds and related breeds","FRANCE",""
"6","17","8","206","19","BRIQUET GRIFFON VENDEEN","BRIQUET GRIFFON VENDEEN","Medium-sized Hounds","Scent hounds","Scent hounds and related breeds","FRANCE","http://www.fci.be/Nomenclature/Illustrations/019g06.jpg"
"6","17","8","207","66","GRIFFON FAUVE DE BRETAGNE","FAWN BRITTANY GRIFFON","Medium-sized Hounds","Scent hounds","Scent hounds and related breeds","FRANCE","http://www.fci.be/Nomenclature/Illustrations/066g06.jpg"
"6","17","8","208","17","GRIFFON NIVERNAIS","GRIFFON NIVERNAIS","Medium-sized Hounds","Scent hounds","Scent hounds and related breeds","FRANCE","http://www.fci.be/Nomenclature/Illustrations/017g06.jpg"
"6","17","8","209","325","ANGLO-FRANÇAIS DE PETITE VENERIE","MEDIUM-SIZED ANGLO-FRENCH HOUND","Medium-sized Hounds","Scent hounds","Scent hounds and related breeds","FRANCE",""
"6","17","8","210","30","PORCELAINE","PORCELAINE","Medium-sized Hounds","Scent hounds","Scent hounds and related breeds","FRANCE","http://www.fci.be/Nomenclature/Illustrations/030g06.jpg"
"6","17","8","211","31","PETIT BLEU DE GASCOGNE","SMALL BLUE GASCONY","Medium-sized Hounds","Scent hounds","Scent hounds and related breeds","FRANCE",""
"6","17","8","212","295","HARRIER","HARRIER","Medium-sized Hounds","Scent hounds","Scent hounds and related breeds","GREAT BRITAIN",""
"6","17","8","213","214","HELLINIKOS ICHNILATIS","HELLENIC HOUND","Medium-sized Hounds","Scent hounds","Scent hounds and related breeds","GREECE",""
"6","17","8","214","241","ERDÉLYI KOPÓ","HUNGARIAN HOUND - TRANSYLVANIAN SCENT HOUND","Medium-sized Hounds","Scent hounds","Scent hounds and related breeds","HUNGARY","http://www.fci.be/Nomenclature/Illustrations/241g06.jpg"
"6","17","8","215","198","SEGUGIO ITALIANO A PELO FORTE","ITALIAN ROUGH-HAIRED SEGUGIO","Medium-sized Hounds","Scent hounds","Scent hounds and related breeds","ITALY",""
"6","17","8","216","337","SEGUGIO ITALIANO A PELO RASO","ITALIAN SHORT-HAIRED SEGUGIO","Medium-sized Hounds","Scent hounds","Scent hounds and related breeds","ITALY","http://www.fci.be/Nomenclature/Illustrations/337g06.jpg"
"6","17","8","217","279","CRNOGORSKI PLANINSKI GONIC","MONTENEGRIN MOUNTAIN HOUND","Medium-sized Hounds","Scent hounds","Scent hounds and related breeds"," MONTENEGRO","http://www.fci.be/Nomenclature/Illustrations/279g06.jpg"
"6","17","8","218","267","HALDENSTØVER","HALDEN HOUND","Medium-sized Hounds","Scent hounds","Scent hounds and related breeds"," NORWAY","http://www.fci.be/Nomenclature/Illustrations/267g06.jpg"
"6","17","8","219","266","HYGENHUND","HYGEN HOUND","Medium-sized Hounds","Scent hounds","Scent hounds and related breeds"," NORWAY","http://www.fci.be/Nomenclature/Illustrations/266g06.jpg"
"6","17","8","220","203","DUNKER","NORWEGIAN HOUND","Medium-sized Hounds","Scent hounds","Scent hounds and related breeds"," NORWAY","http://www.fci.be/Nomenclature/Illustrations/203g06.jpg"
"6","17","8","221","354","GONCZY POLSKI","POLISH HUNTING DOG","Medium-sized Hounds","Scent hounds","Scent hounds and related breeds"," POLAND",""
"6","17","8","222","150","SRPSKI GONIC","SERBIAN HOUND","Medium-sized Hounds","Scent hounds","Scent hounds and related breeds"," SERBIA","http://www.fci.be/Nomenclature/Illustrations/150g06.jpg"
"6","17","8","223","229","SRPSKI TROBOJNI GONIC","SERBIAN TRICOLOUR HOUND","Medium-sized Hounds","Scent hounds","Scent hounds and related breeds"," SERBIA","http://www.fci.be/Nomenclature/Illustrations/229g06.jpg"
"6","17","8","224","244","SLOVENSKÝ KOPOV","SLOVAKIAN HOUND","Medium-sized Hounds","Scent hounds","Scent hounds and related breeds"," SLOVAKIA",""
"6","17","8","225","204","SABUESO ESPAÑOL","SPANISH HOUND","Medium-sized Hounds","Scent hounds","Scent hounds and related breeds"," SPAIN",""
"6","17","8","226","132","HAMILTONSTÖVARE","HAMILTONSTÖVARE","Medium-sized Hounds","Scent hounds","Scent hounds and related breeds"," SWEDEN","http://www.fci.be/Nomenclature/Illustrations/132g06.jpg"
"6","17","8","227","131","SCHILLERSTÖVARE","SCHILLERSTÖVARE","Medium-sized Hounds","Scent hounds","Scent hounds and related breeds"," SWEDEN","http://www.fci.be/Nomenclature/Illustrations/131g06.jpg"
"6","17","8","228","129","SMÅLANDSSTÖVARE","SMÅLANDSSTÖVARE","Medium-sized Hounds","Scent hounds","Scent hounds and related breeds"," SWEDEN","http://www.fci.be/Nomenclature/Illustrations/129g06.jpg"
"6","17","8","229","59","SCHWEIZER LAUFHUND - CHIEN COURANT SUISSE","SWISS HOUND","Medium-sized Hounds","Scent hounds","Scent hounds and related breeds"," SWITZERLAND","http://www.fci.be/Nomenclature/Illustrations/059g06-1.jpg"
"6","17","9","230","36","BASSET FAUVE DE BRETAGNE","BASSET FAUVE DE BRETAGNE","Small-sized Hounds","Scent hounds","Scent hounds and related breeds","FRANCE",""
"6","17","9","231","35","BASSET BLEU DE GASCOGNE","BLUE GASCONY BASSET","Small-sized Hounds","Scent hounds","Scent hounds and related breeds","FRANCE",""
"6","17","9","232","33","GRAND BASSET GRIFFON VENDEEN","GRAND BASSET GRIFFON VENDEEN","Small-sized Hounds","Scent hounds","Scent hounds and related breeds","FRANCE",""
"6","17","9","233","34","BASSET ARTESIEN NORMAND","NORMAN ARTESIEN BASSET","Small-sized Hounds","Scent hounds","Scent hounds and related breeds","FRANCE",""
"6","17","9","234","67","PETIT BASSET GRIFFON VENDEEN","PETIT BASSET GRIFFON VENDEEN","Small-sized Hounds","Scent hounds","Scent hounds and related breeds","FRANCE",""
"6","17","9","235","299","DEUTSCHE BRACKE","GERMAN HOUND","Small-sized Hounds","Scent hounds","Scent hounds and related breeds","GERMANY",""
"6","17","9","236","100","WESTFÄLISCHE DACHSBRACKE","WESTPHALIAN DACHSBRACKE","Small-sized Hounds","Scent hounds","Scent hounds and related breeds","GERMANY",""
"6","17","9","237","163","BASSET HOUND","BASSET HOUND","Small-sized Hounds","Scent hounds","Scent hounds and related breeds","GREAT BRITAIN","http://www.fci.be/Nomenclature/Illustrations/163g06.jpg"
"6","17","9","238","161","BEAGLE","BEAGLE","Small-sized Hounds","Scent hounds","Scent hounds and related breeds","GREAT BRITAIN","http://www.fci.be/Nomenclature/Illustrations/161g06.jpg"
"6","17","9","239","130","DREVER","DREVER","Small-sized Hounds","Scent hounds","Scent hounds and related breeds","SWEDEN","http://www.fci.be/Nomenclature/Illustrations/130g06.jpg"
"6","17","9","240","60","SCHWEIZER NIEDERLAUFHUND","SMALL SWISS HOUND","Small-sized Hounds","Scent hounds","Scent hounds and related breeds","SWITZERLAND","http://www.fci.be/Nomenclature/Illustrations/060g06-1.jpg"
"6","18","","241","254","ALPENLÄNDISCHE DACHSBRACKE","ALPINE DACHSBRACKE","","Leash (scent) Hounds","Scent hounds and related breeds","AUSTRIA",""
"6","18","","242","217","BAYERISCHER GEBIRGSSCHWEISSHUND","BAVARIAN MOUNTAIN SCENT HOUND","","Leash (scent) Hounds","Scent hounds and related breeds","GERMANY","http://www.fci.be/Nomenclature/Illustrations/217g06-1.jpg"
"6","18","","243","213","HANNOVERSCHER SCHWEISSHUND","HANOVERIAN SCENT HOUND","","Leash (scent) Hounds","Scent hounds and related breeds","GERMANY","http://www.fci.be/Nomenclature/Illustrations/213g06-1.jpg"
"6","19","","244","153","DALMATINSKI PAS","DALMATIAN","","Related breeds","Scent hounds and related breeds","CROATIA","http://www.fci.be/Nomenclature/Illustrations/153g06.jpg"
"6","19","","245","146","RHODESIAN RIDGEBACK","RHODESIAN RIDGEBACK","","Related breeds","Scent hounds and related breeds","SOUTH AFRICA",""
"7","20","10","246","281","GAMMEL DANSK HØNSEHUND","OLD DANISH POINTING DOG","«Braque»Type","Continental Pointing Dogs","Pointing Dogs","DENMARK",""
"7","20","10","247","177","BRAQUE DE L'ARIEGE","ARIEGE POINTING DOG","«Braque»Type","Continental Pointing Dogs","Pointing Dogs","FRANCE",""
"7","20","10","248","180","BRAQUE D'AUVERGNE","AUVERGNE POINTER","«Braque»Type","Continental Pointing Dogs","Pointing Dogs","FRANCE","http://www.fci.be/Nomenclature/Illustrations/180g07.jpg"
"7","20","10","249","179","BRAQUE DU BOURBONNAIS","BOURBONNAIS POINTING DOG","«Braque»Type","Continental Pointing Dogs","Pointing Dogs","FRANCE","http://www.fci.be/Nomenclature/Illustrations/179g07.jpg"
"7","20","10","250","133","BRAQUE FRANÇAIS - TYPE GASCOGNE","FRENCH POINTING DOG - GASCOGNE TYPE","«Braque»Type","Continental Pointing Dogs","Pointing Dogs","FRANCE",""
"7","20","10","251","134","BRAQUE FRANÇAIS - TYPE PYRENEES","FRENCH POINTING DOG - PYRENEAN TYPE","«Braque»Type","Continental Pointing Dogs","Pointing Dogs","FRANCE",""
"7","20","10","252","115","BRAQUE SAINT-GERMAIN","SAINT GERMAIN POINTER","«Braque»Type","Continental Pointing Dogs","Pointing Dogs","FRANCE",""
"7","20","10","253","232","DEUTSCH STICHELHAAR","DEUTSCH STICHELHAAR","«Braque»Type","Continental Pointing Dogs","Pointing Dogs","GERMANY","http://www.fci.be/Nomenclature/Illustrations/232g07.jpg"
"7","20","10","254","119","DEUTSCH KURZHAAR","GERMAN SHORT- HAIRED POINTING DOG","«Braque»Type","Continental Pointing Dogs","Pointing Dogs","GERMANY","http://www.fci.be/Nomenclature/Illustrations/119g07.jpg"
"7","20","10","255","98","DEUTSCH DRAHTHAAR","GERMAN WIRE- HAIRED POINTING DOG","«Braque»Type","Continental Pointing Dogs","Pointing Dogs","GERMANY","http://www.fci.be/Nomenclature/Illustrations/098g07.jpg"
"7","20","10","256","216","PUDELPOINTER","PUDELPOINTER","«Braque»Type","Continental Pointing Dogs","Pointing Dogs","GERMANY",""
"7","20","10","257","99","WEIMARANER","WEIMARANER","«Braque»Type","Continental Pointing Dogs","Pointing Dogs","GERMANY",""
"7","20","10","258","57","RÖVIDSZÖRÜ MAGYAR VIZSLA","HUNGARIAN SHORT-HAIRED POINTER (VIZSLA)","«Braque»Type","Continental Pointing Dogs","Pointing Dogs","HUNGARY","http://www.fci.be/Nomenclature/Illustrations/057g07.jpg"
"7","20","10","259","239","DRÖTZÖRÜ MAGYAR VIZSLA","HUNGARIAN WIRE-HAIRED POINTER","«Braque»Type","Continental Pointing Dogs","Pointing Dogs","HUNGARY","http://www.fci.be/Nomenclature/Illustrations/239g07.jpg"
"7","20","10","260","202","BRACCO ITALIANO","ITALIAN POINTING DOG","«Braque»Type","Continental Pointing Dogs","Pointing Dogs","ITALY","http://www.fci.be/Nomenclature/Illustrations/202g07.jpg"
"7","20","10","261","187","PERDIGUEIRO PORTUGUÊS","PORTUGUESE POINTING DOG","«Braque»Type","Continental Pointing Dogs","Pointing Dogs","PORTUGAL","http://www.fci.be/Nomenclature/Illustrations/187g07.jpg"
"7","20","10","262","320","SLOVENSKÝ HRUBOSRSTÝ STAVAC (OHAR)","WIREHAIRED SLOVAKIAN POINTER","«Braque»Type","Continental Pointing Dogs","Pointing Dogs","SLOVAKIA",""
"7","20","10","263","90","PERDIGUERO DE BURGOS","BURGOS POINTING DOG","«Braque»Type","Continental Pointing Dogs","Pointing Dogs","SPAIN",""
"7","20","11","264","106","EPAGNEUL BLEU DE PICARDIE","BLUE PICARDY SPANIEL","Spaniel Type","Continental Pointing Dogs","Pointing Dogs","FRANCE",""
"7","20","11","265","95","EPAGNEUL BRETON","BRITTANY SPANIEL","Spaniel Type","Continental Pointing Dogs","Pointing Dogs","FRANCE","http://www.fci.be/Nomenclature/Illustrations/095g07.jpg"
"7","20","11","266","175","EPAGNEUL FRANÇAIS","FRENCH SPANIEL","Spaniel Type","Continental Pointing Dogs","Pointing Dogs","FRANCE","http://www.fci.be/Nomenclature/Illustrations/175g07.jpg"
"7","20","11","267","108","EPAGNEUL PICARD","PICARDY SPANIEL","Spaniel Type","Continental Pointing Dogs","Pointing Dogs","FRANCE",""
"7","20","11","268","114","EPAGNEUL DE PONT-AUDEMER","PONT-AUDEMER SPANIEL","Spaniel Type","Continental Pointing Dogs","Pointing Dogs","FRANCE",""
"7","20","11","269","117","DEUTSCH LANGHAAR","DEUTSCH LANGHAAR","Spaniel Type","Continental Pointing Dogs","Pointing Dogs","GERMANY","http://www.fci.be/Nomenclature/Illustrations/117g07.jpg"
"7","20","11","270","102","KLEINER MÜNSTERLÄNDER","KLEINER MÜNSTERLÄNDER","Spaniel Type","Continental Pointing Dogs","Pointing Dogs","GERMANY",""
"7","20","11","271","118","GROSSER MÜNSTERLÄNDER VORSTEHHUND","LARGE MUNSTERLANDER","Spaniel Type","Continental Pointing Dogs","Pointing Dogs","GERMANY","http://www.fci.be/Nomenclature/Illustrations/118g07.jpg"
"7","20","11","272","224","DRENTSCHE PATRIJSHOND","DRENTSCHE PARTRIDGE DOG","Spaniel Type","Continental Pointing Dogs","Pointing Dogs","THE NETHERLANDS","http://www.fci.be/Nomenclature/Illustrations/224g07-1.jpg"
"7","20","11","273","222","STABIJHOUN","STABIJHOUN","Spaniel Type","Continental Pointing Dogs","Pointing Dogs","THE NETHERLANDS","http://www.fci.be/Nomenclature/Illustrations/222g07-1.jpg"
"7","20","12","274","245","CESKÝ FOUSEK","BOHEMIAN WIRE-HAIRED POINTING GRIFFON","«Griffon» type","Continental Pointing Dogs","Pointing Dogs","CZECH REPUBLIC",""
"7","20","12","275","107","GRIFFON A POIL DUR KORTHALS","WIRE-HAIRED POINTING GRIFFON KORTHALS","«Griffon» type","Continental Pointing Dogs","Pointing Dogs","FRANCE",""
"7","20","12","276","165","SPINONE ITALIANO","ITALIAN SPINONE","«Griffon» type","Continental Pointing Dogs","Pointing Dogs","ITALY",""
"7","21","13","277","1","ENGLISH POINTER","ENGLISH POINTER","Pointer","British and Irish Pointers and Setters","Pointing Dogs","GREAT BRITAIN","http://www.fci.be/Nomenclature/Illustrations/001g07.jpg"
"7","21","14","278","2","ENGLISH SETTER","ENGLISH SETTER","Setter","British and Irish Pointers and Setters","Pointing Dogs","GREAT BRITAIN","http://www.fci.be/Nomenclature/Illustrations/002g07.jpg"
"7","21","14","279","6","GORDON SETTER","GORDON SETTER","Setter","British and Irish Pointers and Setters","Pointing Dogs","GREAT BRITAIN","http://www.fci.be/Nomenclature/Illustrations/006g07.jpg"
"7","21","14","280","330","IRISH RED AND WHITE SETTER","IRISH RED AND WHITE SETTER","Setter","British and Irish Pointers and Setters","Pointing Dogs","IRELAND",""
"7","21","14","281","120","IRISH RED SETTER","IRISH RED SETTER","Setter","British and Irish Pointers and Setters","Pointing Dogs","IRELAND",""
"8","22","","282","312","NOVA SCOTIA DUCK TOLLING RETRIEVER","NOVA SCOTIA DUCK TOLLING RETRIEVER","","Retrievers","Retrievers - Flushing Dogs - Water Dogs","CANADA",""
"8","22","","283","110","CURLY COATED RETRIEVER","CURLY COATED RETRIEVER","","Retrievers","Retrievers - Flushing Dogs - Water Dogs","GREAT BRITAIN","http://www.fci.be/Nomenclature/Illustrations/110g08.jpg"
"8","22","","284","121","FLAT COATED RETRIEVER","FLAT COATED RETRIEVER","","Retrievers","Retrievers - Flushing Dogs - Water Dogs","GREAT BRITAIN","http://www.fci.be/Nomenclature/Illustrations/121g08.jpg"
"8","22","","285","111","GOLDEN RETRIEVER","GOLDEN RETRIEVER","","Retrievers","Retrievers - Flushing Dogs - Water Dogs","GREAT BRITAIN",""
"8","22","","286","122","LABRADOR RETRIEVER","LABRADOR RETRIEVER","","Retrievers","Retrievers - Flushing Dogs - Water Dogs","GREAT BRITAIN","http://www.fci.be/Nomenclature/Illustrations/122g08.jpg"
"8","22","","287","263","CHESAPEAKE BAY RETRIEVER","CHESAPEAKE BAY RETRIEVER","","Retrievers","Retrievers - Flushing Dogs - Water Dogs","UNITED STATES OF AMERICA",""
"8","23","","288","104","DEUTSCHER WACHTELHUND","GERMAN SPANIEL","","Flushing Dogs","Retrievers - Flushing Dogs - Water Dogs","GERMANY","http://www.fci.be/Nomenclature/Illustrations/104g08.jpg"
"8","23","","289","109","CLUMBER SPANIEL","CLUMBER SPANIEL","","Flushing Dogs","Retrievers - Flushing Dogs - Water Dogs","GREAT BRITAIN","http://www.fci.be/Nomenclature/Illustrations/109g08.jpg"
"8","23","","290","5","ENGLISH COCKER SPANIEL","ENGLISH COCKER SPANIEL","","Flushing Dogs","Retrievers - Flushing Dogs - Water Dogs","GREAT BRITAIN","http://www.fci.be/Nomenclature/Illustrations/005g08.jpg"
"8","23","","291","125","ENGLISH SPRINGER SPANIEL","ENGLISH SPRINGER SPANIEL","","Flushing Dogs","Retrievers - Flushing Dogs - Water Dogs","GREAT BRITAIN","http://www.fci.be/Nomenclature/Illustrations/125g08.jpg"
"8","23","","292","123","FIELD SPANIEL","FIELD SPANIEL","","Flushing Dogs","Retrievers - Flushing Dogs - Water Dogs","GREAT BRITAIN","http://www.fci.be/Nomenclature/Illustrations/123g08.jpg"
"8","23","","293","127","SUSSEX SPANIEL","SUSSEX SPANIEL","","Flushing Dogs","Retrievers - Flushing Dogs - Water Dogs","GREAT BRITAIN","http://www.fci.be/Nomenclature/Illustrations/127g08.jpg"
"8","23","","294","126","WELSH SPRINGER SPANIEL","WELSH SPRINGER SPANIEL","","Flushing Dogs","Retrievers - Flushing Dogs - Water Dogs","GREAT BRITAIN","http://www.fci.be/Nomenclature/Illustrations/126g08.jpg"
"8","23","","295","314","NEDERLANDSE KOOIKERHONDJE","NEDERLANDSE KOOIKERHONDJE","","Flushing Dogs","Retrievers - Flushing Dogs - Water Dogs","THE NETHERLANDS","http://www.fci.be/Nomenclature/Illustrations/314g08-1.jpg"
"8","23","","296","167","AMERICAN COCKER SPANIEL","AMERICAN COCKER SPANIEL","","Flushing Dogs","Retrievers - Flushing Dogs - Water Dogs","UNITED STATES OF AMERICA",""
"8","24","","297","105","BARBET","FRENCH WATER DOG","","Water Dogs","Retrievers - Flushing Dogs - Water Dogs","FRANCE","http://www.fci.be/Nomenclature/Illustrations/105g08.jpg"
"8","24","","298","124","IRISH WATER SPANIEL","IRISH WATER SPANIEL","","Water Dogs","Retrievers - Flushing Dogs - Water Dogs","IRELAND",""
"8","24","","299","298","LAGOTTO ROMAGNOLO","ROMAGNA WATER DOG","","Water Dogs","Retrievers - Flushing Dogs - Water Dogs","ITALY","http://www.fci.be/Nomenclature/Illustrations/298g08-1.jpg"
"8","24","","300","37","CÃO DE AGUA PORTUGUÊS","PORTUGUESE WATER DOG","","Water Dogs","Retrievers - Flushing Dogs - Water Dogs","PORTUGAL","http://www.fci.be/Nomenclature/Illustrations/037g08.jpg"
"8","24","","301","336","PERRO DE AGUA ESPAÑOL","SPANISH WATER DOG","","Water Dogs","Retrievers - Flushing Dogs - Water Dogs","SPAIN",""
"8","24","","302","221","WETTERHOUN","FRISIAN WATER DOG","","Water Dogs","Retrievers - Flushing Dogs - Water Dogs","THE NETHERLANDS",""
"8","24","","303","301","AMERICAN WATER SPANIEL","AMERICAN WATER SPANIEL","","Water Dogs","Retrievers - Flushing Dogs - Water Dogs","UNITED STATES OF AMERICA",""
"9","25","15","304","215","BICHON A POIL FRISE","BICHON FRISE","Bichons","Bichons and related breeds","Companion and Toy Dogs","BELGIUM, FRANCE","http://www.fci.be/Nomenclature/Illustrations/215g09-1.jpg"
"9","25","15","305","65","MALTESE","MALTESE","Bichons","Bichons and related breeds","Companion and Toy Dogs","CENTRAL MEDITERRANEAN BASIN",""
"9","25","15","306","250","BICHON HAVANAIS","HAVANESE","Bichons","Bichons and related breeds","Companion and Toy Dogs","CUBA",""
"9","25","15","307","196","BOLOGNESE","BOLOGNESE","Bichons","Bichons and related breeds","Companion and Toy Dogs","ITALY",""
"9","25","16","308","283","COTON DE TULEAR","COTON DE TULEAR","Coton de Tuléar","Bichons and related breeds","Companion and Toy Dogs","MADAGASCAR",""
"9","25","17","309","233","PETIT CHIEN LION","LITTLE LION DOG","Petit chien lion","Bichons and related breeds","Companion and Toy Dogs","FRANCE","http://www.fci.be/Nomenclature/Illustrations/233g09.jpg"
"9","26","","310","172","CANICHE","POODLE","","Poodle","Companion and Toy Dogs","FRANCE","http://www.fci.be/Nomenclature/Illustrations/172g09.jpg"
"9","27","18","311","81","GRIFFON BELGE","GRIFFON BELGE","Griffons","Small Belgian Dogs","Companion and Toy Dogs","BELGIUM",""
"9","27","18","312","80","GRIFFON BRUXELLOIS","GRIFFON BRUXELLOIS","Griffons","Small Belgian Dogs","Companion and Toy Dogs","BELGIUM","http://www.fci.be/Nomenclature/Illustrations/080g09-1.jpg"
"9","27","19","313","82","PETIT BRABANÇON","PETIT BRABANÇON","Petit Brabançon","Small Belgian Dogs","Companion and Toy Dogs","BELGIUM",""
"9","28","","314","288","CHINESE CRESTED DOG","CHINESE CRESTED DOG","","Hairless Dogs","Companion and Toy Dogs","CHINA","http://www.fci.be/Nomenclature/Illustrations/288g09.jpg"
"9","29","","315","227","LHASA APSO","LHASA APSO","","Tibetan breeds","Companion and Toy Dogs","Tibet (China)","http://www.fci.be/Nomenclature/Illustrations/227g09.jpg"
"9","29","","316","208","SHIH TZU","SHIH TZU","","Tibetan breeds","Companion and Toy Dogs","Tibet (China)","http://www.fci.be/Nomenclature/Illustrations/208g09.jpg"
"9","29","","317","231","TIBETAN SPANIEL","TIBETAN SPANIEL","","Tibetan breeds","Companion and Toy Dogs","Tibet (China)","http://www.fci.be/Nomenclature/Illustrations/231g09.jpg"
"9","29","","318","209","TIBETAN TERRIER","TIBETAN TERRIER","","Tibetan breeds","Companion and Toy Dogs","Tibet (China)","http://www.fci.be/Nomenclature/Illustrations/209g09.jpg"
"9","30","","319","218","CHIHUAHUEÑO","CHIHUAHUA","","Chihuahueno","Companion and Toy Dogs","MEXICO","http://www.fci.be/Nomenclature/Illustrations/218g09-1.jpg"
"9","31","","320","136","CAVALIER KING CHARLES SPANIEL","CAVALIER KING CHARLES SPANIEL","","English Toy Spaniels","Companion and Toy Dogs","GREAT BRITAIN","http://www.fci.be/Nomenclature/Illustrations/136g09.jpg"
"9","31","","321","128","KING CHARLES SPANIEL","KING CHARLES SPANIEL","","English Toy Spaniels","Companion and Toy Dogs","GREAT BRITAIN","http://www.fci.be/Nomenclature/Illustrations/128g09.jpg"
"9","32","","322","207","PEKINGESE","PEKINGESE","","Japan Chin and Pekingese","Companion and Toy Dogs","CHINA","http://www.fci.be/Nomenclature/Illustrations/207g09.jpg"
"9","32","","323","206","CHIN","JAPANESE CHIN","","Japan Chin and Pekingese","Companion and Toy Dogs","JAPAN","http://www.fci.be/Nomenclature/Illustrations/206g09.jpg"
"9","33","","324","77","EPAGNEUL NAIN CONTINENTAL","CONTINENTAL TOY SPANIEL","","Continental Toy Spaniel and others","Companion and Toy Dogs","BELGIUM, FRANCE",""
"9","33","","325","352","RUSSKIY TOY","RUSSIAN TOY","","Continental Toy Spaniel and others","Companion and Toy Dogs","RUSSIA","http://www.fci.be/Nomenclature/Illustrations/352g09-1.jpg"
"9","34","","326","192","KROMFOHRLÄNDER","KROMFOHRLÄNDER","","Kromfohrländer","Companion and Toy Dogs","GERMANY","http://www.fci.be/Nomenclature/Illustrations/192g09.jpg"
"9","35","","327","253","PUG","PUG","","Small Molossian type Dogs","Companion and Toy Dogs","CHINA","http://www.fci.be/Nomenclature/Illustrations/253g09.jpg"
"9","35","","328","101","BOULEDOGUE FRANÇAIS","FRENCH BULLDOG","","Small Molossian type Dogs","Companion and Toy Dogs","FRANCE","http://www.fci.be/Nomenclature/Illustrations/101g09.jpg"
"9","35","","329","140","BOSTON TERRIER","BOSTON TERRIER","","Small Molossian type Dogs","Companion and Toy Dogs","UNITED STATES OF AMERICA",""
"10","36","","330","228","AFGHAN HOUND","AFGHAN HOUND","","Long-haired or fringed Sighthounds","Sighthounds","AFGHANISTAN","http://www.fci.be/Nomenclature/Illustrations/228g10.jpg"
"10","36","","331","269","SALUKI","SALUKI","","Long-haired or fringed Sighthounds","Sighthounds","MIDDLE EAST",""
"10","36","","332","193","RUSSKAYA PSOVAYA BORZAYA","BORZOI - RUSSIAN HUNTING SIGHTHOUND","","Long-haired or fringed Sighthounds","Sighthounds","RUSSIA","http://www.fci.be/Nomenclature/Illustrations/193g10.jpg"
"10","37","","333","164","DEERHOUND","DEERHOUND","","Rough-haired Sighthounds","Sighthounds","GREAT BRITAIN","http://www.fci.be/Nomenclature/Illustrations/164g10.jpg"
"10","37","","334","160","IRISH WOLFHOUND","IRISH WOLFHOUND","","Rough-haired Sighthounds","Sighthounds","IRELAND",""
"10","38","","335","158","GREYHOUND","GREYHOUND","","Short-haired Sighthounds","Sighthounds","GREAT BRITAIN","http://www.fci.be/Nomenclature/Illustrations/158g10.jpg"
"10","38","","336","162","WHIPPET","WHIPPET","","Short-haired Sighthounds","Sighthounds","GREAT BRITAIN","http://www.fci.be/Nomenclature/Illustrations/162g10.jpg"
"10","38","","337","240","MAGYAR AGAR","HUNGARIAN GREYHOUND","","Short-haired Sighthounds","Sighthounds","HUNGARY","http://www.fci.be/Nomenclature/Illustrations/240g10.jpg"
"10","38","","338","200","PICCOLO LEVRIERO ITALIANO","ITALIAN SIGHTHOUND","","Short-haired Sighthounds","Sighthounds","ITALY",""
"10","38","","339","307","AZAWAKH","AZAWAKH","","Short-haired Sighthounds","Sighthounds","MALI","http://www.fci.be/Nomenclature/Illustrations/307g10-1.jpg"
"10","38","","340","188","SLOUGHI","SLOUGHI","","Short-haired Sighthounds","Sighthounds","MOROCCO",""
"10","38","","341","333","CHART POLSKI","POLISH GREYHOUND","","Short-haired Sighthounds","Sighthounds","POLAND",""
"10","38","","342","285","GALGO ESPAÑOL","SPANISH GREYHOUND","","Short-haired Sighthounds","Sighthounds","SPAIN",""
